Div,Date,HomeTeam,AwayTeam,FTHG,FTAG,FTR,HTHG,HTAG,HTR,B365H,B365D,B365A,BWH,BWD,BWA,IWH,IWD,IWA,LBH,LBD,LBA,PSH,PSD,PSA,WHH,WHD,WHA,VCH,VCD,VCA,Bb1X2,BbMxH,BbAvH,BbMxD,BbAvD,BbMxA,BbAvA,BbOU,BbMx>2.5,BbAv>2.5,BbMx<2.5,BbAv<2.5,BbAH,BbAHh,BbMxAHH,BbAvAHH,BbMxAHA,BbAvAHA,PSCH,PSCD,PSCA
F2,28/07/17,Brest,Chateauroux,2,3,A,1,0,H,2,3.1,4.2,1.95,3.1,4.1,2,3.1,3.6,1.91,3.1,4,2.01,3.07,4.92,1.85,3.2,4.2,1.95,3.13,4.5,41,2.04,1.95,3.22,3.09,5.02,4.2,33,2.35,2.21,1.68,1.62,20,-0.5,1.99,1.94,1.96,1.9,1.91,3.27,5.13
F2,28/07/17,Nimes,Reims,0,1,A,0,0,D,2.2,3,3.6,2.05,3.2,3.6,2.2,3.1,3.2,2.2,3.1,3.2,2.33,3.05,3.73,2.1,3.2,3.3,2.25,3.1,3.5,41,2.34,2.21,3.2,3.05,3.8,3.39,37,2.22,2.11,1.78,1.7,20,-0.25,1.97,1.91,1.98,1.93,2.34,3.12,3.62
F2,28/07/17,Niort,Ajaccio,0,0,D,0,0,D,2.15,3.2,3.5,2.15,3.1,3.4,2.1,3.1,3.4,2.15,3.1,3.3,2.28,3.16,3.68,2.15,3.1,3.3,2.25,3.13,3.5,41,2.3,2.19,3.2,3.07,3.68,3.37,38,2.23,2.12,1.76,1.69,20,-0.25,1.95,1.9,1.98,1.94,2.4,3.17,3.41
F2,28/07/17,Orleans,Nancy,3,1,H,1,1,D,3,2.9,2.6,3,2.85,2.5,2.8,3,2.5,2.9,2.9,2.5,3.24,2.84,2.75,2.9,2.9,2.5,3.1,2.88,2.63,41,3.24,2.97,3,2.85,2.75,2.55,32,2.76,2.55,1.53,1.48,19,0,2.18,2.09,1.81,1.77,3.29,2.86,2.69
F2,28/07/17,ParisFC,Clermont,0,0,D,0,0,D,2.75,3.1,2.63,2.75,3.1,2.55,2.9,3,2.4,2.7,2.9,2.65,3.02,3.01,2.76,2.7,3,2.6,2.8,3,2.75,39,3.02,2.81,3.1,2.95,2.79,2.61,31,2.57,2.39,1.6,1.54,19,0,2.05,2,1.94,1.85,3.02,3,2.77
F2,28/07/17,Sochaux,BourgPeronnas,2,0,H,1,0,H,2,3.2,4,1.91,3.1,4.2,1.9,3.2,3.9,2,3.1,3.7,2.11,3.16,4.26,2,3.2,3.6,1.91,3.25,4.33,39,2.09,2.01,3.25,3.11,4.5,3.92,32,2.39,2.21,1.67,1.62,16,-0.5,2.09,2.03,1.86,1.82,1.99,3.22,4.7
F2,28/07/17,Tours,LeHavre,0,3,A,0,1,A,2.55,3,2.9,2.4,3,3,2.4,3,2.9,2.6,3,2.7,2.79,2.99,3.01,2.45,3,2.88,2.7,3,2.88,41,2.83,2.57,3.1,2.97,3.01,2.84,32,2.37,2.22,1.67,1.61,20,0,1.89,1.84,2.05,2,2.81,3.06,2.92
F2,28/07/17,Valenciennes,AjaccioGFCO,1,1,D,0,1,A,2.7,2.9,2.9,2.45,3,2.95,2.4,3,2.9,2.62,3,2.7,2.88,2.96,2.94,2.5,3,2.8,2.75,3,2.8,40,2.97,2.63,3.1,2.92,3.1,2.82,31,2.37,2.24,1.67,1.61,19,0,1.94,1.89,2.01,1.95,2.84,2.96,2.99
F2,29/07/17,Lorient,Quevilly,1,1,D,0,1,A,1.7,3.5,5.25,1.72,3.4,5,1.7,3.5,4.5,1.7,3.5,4.75,1.75,3.6,5.71,1.73,3.5,4.4,1.7,3.5,5.4,40,1.75,1.71,3.6,3.42,5.75,4.95,37,2.06,1.99,1.89,1.77,17,-0.75,2,1.95,1.94,1.88,1.63,3.91,6.41
F2,31/07/17,Auxerre,Lens,1,0,H,0,0,D,2.9,3,2.6,2.8,2.95,2.6,2.7,3,2.6,2.8,3,2.55,3.06,2.93,2.8,2.8,3,2.5,2.9,3,2.63,35,3.06,2.84,3,2.92,2.8,2.6,24,2.44,2.3,1.6,1.57,17,0,2.06,2,1.87,1.83,2.45,3.06,3.45
F2,04/08/17,Ajaccio,Brest,2,1,H,1,0,H,2.6,2.9,3,2.5,2.85,3,2.6,2.8,2.8,2.5,3,2.8,2.73,2.98,3.09,2.5,3,2.8,2.63,3,2.9,40,2.73,2.57,3.01,2.92,3.09,2.87,32,2.39,2.28,1.68,1.59,17,0,1.86,1.82,2.07,2.02,2.67,3,3.15
F2,04/08/17,AjaccioGFCO,Lorient,0,0,D,0,0,D,2.45,3,3.1,2.4,3.1,2.9,2.4,3,2.9,2.45,3.1,2.87,2.57,3.09,3.2,2.38,3.1,2.88,2.45,3.1,3.1,40,2.6,2.44,3.13,3.03,3.2,2.95,38,2.19,2.1,1.78,1.7,15,0,1.82,1.77,2.18,2.1,3.02,3.12,2.68
F2,04/08/17,BourgPeronnas,ParisFC,1,2,A,0,2,A,2.4,3,3.2,2.2,3,3.4,2.3,2.9,3.2,2.35,2.9,3.2,2.44,2.96,3.6,2.25,3,3.2,2.4,2.9,3.4,37,2.48,2.34,3,2.91,3.6,3.25,31,2.64,2.44,1.55,1.51,15,-0.25,2.06,2.01,1.88,1.83,2.86,2.92,3.01
F2,04/08/17,Chateauroux,Valenciennes,0,1,A,0,0,D,2.05,3,4.1,2.15,3,3.6,2.1,3,3.5,2.2,3,3.3,2.15,3.1,4.21,2.15,3,3.4,2.1,3.13,3.8,40,2.25,2.12,3.15,3.01,4.21,3.66,32,2.47,2.33,1.61,1.56,17,-0.25,1.86,1.8,2.11,2.05,2.1,3.13,4.35
F2,04/08/17,Clermont,Tours,2,0,H,0,0,D,2.05,3.1,3.9,2.05,3.2,3.6,2.1,3,3.5,2.1,3.1,3.4,2.15,3.21,4.01,2,3.2,3.6,2.15,3.13,3.7,39,2.17,2.1,3.3,3.13,4.1,3.57,33,2.27,2.13,1.75,1.68,16,-0.25,1.87,1.82,2.07,2.02,2.35,3.15,3.54
F2,04/08/17,LeHavre,Auxerre,4,1,H,0,1,A,1.8,3.2,5,1.9,3.1,4.4,2.1,3,3.5,1.95,3.1,4,1.9,3.29,5.12,1.85,3.2,4.2,1.85,3.2,5,40,2.1,1.89,3.3,3.14,5.12,4.4,32,2.52,2.37,1.6,1.55,18,-0.5,2.01,1.88,2.02,1.96,2.04,3.16,4.55
F2,04/08/17,Lens,Nimes,1,2,A,1,0,H,2,3.1,4.2,2,3.2,3.75,2,3.1,3.6,2,3.2,3.6,2.04,3.25,4.4,1.95,3.25,3.75,1.95,3.3,4.1,40,2.05,2,3.32,3.15,4.4,3.84,39,2.11,2.03,1.84,1.76,18,-0.5,2.05,2,1.9,1.85,2.14,3.35,3.85
F2,04/08/17,Nancy,Niort,0,0,D,0,0,D,1.8,3.3,4.75,1.78,3.25,4.75,1.8,3.2,4.5,1.8,3.2,4.5,1.85,3.28,5.5,1.8,3.1,4.75,1.8,3.2,5.2,40,1.86,1.81,3.32,3.18,5.5,4.75,32,2.56,2.39,1.57,1.54,17,-0.5,1.86,1.83,2.07,2.02,1.78,3.49,5.62
F2,04/08/17,Quevilly,Sochaux,1,1,D,0,0,D,3.25,2.9,2.4,2.8,2.95,2.6,2.7,2.8,2.7,3,3,2.4,3.32,2.98,2.57,3,3.1,2.3,3.1,3,2.5,40,3.32,3.01,3.1,2.94,2.7,2.46,32,2.39,2.26,1.65,1.59,16,0,2.24,2.16,1.78,1.72,3.57,3.01,2.42
F2,05/08/17,Reims,Orleans,2,0,H,1,0,H,1.8,3.3,4.75,1.75,3.2,5,1.8,3.2,4.5,1.8,3.2,4.6,1.79,3.31,6.04,1.8,3.1,4.75,1.8,3.25,5.2,38,1.85,1.78,3.35,3.19,6.04,4.89,31,2.5,2.34,1.6,1.55,13,-0.75,2.14,2.07,1.83,1.78,1.69,3.77,5.87
F2,11/08/17,Brest,AjaccioGFCO,0,0,D,0,0,D,2,3.2,4,2.05,2.95,3.9,2,3.1,3.5,2,3.2,3.6,2.1,3.21,4.21,2,3.2,3.6,2.05,3.2,3.9,39,2.1,2.03,3.26,3.15,4.21,3.74,35,2.25,2.13,1.76,1.68,18,-0.5,2.1,2.05,1.85,1.81,2.1,3.17,4.19
F2,11/08/17,Niort,Auxerre,2,0,H,0,0,D,2.25,3.2,3.3,2.3,2.8,3.5,2.2,3.1,3.1,2.25,3,3.2,2.36,3.08,3.61,2.25,3.1,3.1,2.3,3.1,3.4,40,2.43,2.27,3.2,2.99,3.61,3.28,30,2.31,2.21,1.69,1.62,18,-0.25,2.02,1.97,1.93,1.87,2.5,3.14,3.26
F2,11/08/17,Orleans,Ajaccio,0,0,D,0,0,D,2.15,3,3.8,2.2,2.8,3.75,2.3,3,3,2.3,3.1,3.1,2.27,3.16,3.72,2.25,3.1,3.1,2.2,3.1,3.6,40,2.3,2.2,3.2,3.05,3.8,3.37,32,2.25,2.15,1.72,1.66,18,-0.25,1.93,1.89,2.01,1.95,2.34,3.24,3.46
F2,11/08/17,ParisFC,LeHavre,0,3,A,0,1,A,3.4,2.88,2.38,3.2,2.85,2.4,2.9,3,2.4,3.1,3,2.35,3.39,3,2.52,2.9,2.9,2.5,3.25,3,2.4,40,3.4,3.14,3.05,2.91,2.52,2.4,32,2.52,2.4,1.6,1.53,16,0.25,1.84,1.8,2.11,2.05,3.4,3.1,2.45
F2,11/08/17,Quevilly,BourgPeronnas,1,4,A,0,1,A,2.38,2.9,3.4,2.3,2.95,3.25,2.4,3,2.9,2.3,3.2,3,2.41,3.23,3.32,2.38,3.1,2.88,2.38,3.2,3.13,38,2.43,2.32,3.23,3.07,3.4,3.12,36,2.06,1.98,1.9,1.79,17,-0.25,2.05,2.01,1.88,1.84,2.38,3.31,3.31
F2,11/08/17,Tours,Reims,0,1,A,0,0,D,3.4,2.88,2.38,3.2,2.85,2.4,2.9,3,2.4,3,3.2,2.3,3.33,3.21,2.41,2.88,3,2.45,3.25,3.2,2.3,40,3.4,3.1,3.24,3.06,2.45,2.33,38,2.15,2.03,1.86,1.75,16,0.25,1.91,1.85,2.05,1.99,3.78,3.16,2.25
F2,11/08/17,Valenciennes,Clermont,0,0,D,0,0,D,2.5,2.88,3.2,2.4,2.9,3.1,2.3,3,3,2.35,3,3,2.47,3.06,3.4,2.38,2.9,3.1,2.45,3,3.2,40,2.5,2.4,3.1,2.97,3.4,3.08,29,2.35,2.23,1.68,1.61,17,-0.25,2.12,2.08,1.83,1.78,2.5,3.13,3.28
F2,12/08/17,Sochaux,Lens,3,2,H,1,0,H,2.25,3.1,3.4,2.2,2.85,3.7,2.2,3,3.2,2.2,3,3.25,2.34,3.04,3.71,2.15,3.1,3.3,2.25,3.1,3.5,40,2.34,2.22,3.1,3.01,3.72,3.38,32,2.38,2.26,1.63,1.58,16,-0.25,1.97,1.93,1.95,1.91,2.39,3.17,3.43
F2,14/08/17,Lorient,Chateauroux,3,0,H,0,0,D,1.67,3.5,5.5,1.65,3.5,5.25,1.75,3.4,4.3,1.67,3.5,5,1.71,3.6,6.08,1.67,3.6,4.8,1.67,3.5,5.75,39,1.75,1.67,3.61,3.47,6.08,5.07,38,2.05,1.98,1.87,1.78,15,-0.75,1.97,1.88,2.01,1.95,1.54,4.06,7.73
F2,14/08/17,Nimes,Nancy,0,0,D,0,0,D,2.4,2.88,3.3,2.4,2.85,3.2,2.3,3,3,2.3,3.1,3,2.48,3.07,3.38,2.3,3.1,3,2.38,3.1,3.2,38,2.48,2.36,3.1,3,3.38,3.07,35,2.25,2.08,1.76,1.69,15,-0.25,2.09,2.02,1.87,1.81,2.16,3.36,3.77
F2,18/08/17,Ajaccio,ParisFC,2,0,H,0,0,D,2,3.1,4.2,2.05,3,3.9,2,3,3.8,2.05,3,3.75,2.07,3.12,4.5,2,3.1,3.8,2.05,3,4.3,34,2.08,2.03,3.2,3.04,4.54,3.91,28,2.58,2.47,1.55,1.5,15,-0.5,2.09,2.04,1.86,1.81,2.15,3.05,4.32
F2,18/08/17,AjaccioGFCO,Quevilly,1,0,H,0,0,D,1.75,3.4,5,1.78,3.4,4.5,1.75,3.25,4.5,1.8,3.25,4.5,1.82,3.41,5.48,1.8,3.25,4.4,1.8,3.3,5,33,1.84,1.79,3.47,3.3,5.48,4.59,27,2.38,2.21,1.7,1.63,15,-0.5,1.84,1.81,2.11,2.05,1.93,3.37,4.77
F2,18/08/17,Auxerre,Orleans,1,3,A,1,2,A,2.1,3.1,3.8,2,3.1,3.9,2.05,2.95,3.65,2.1,3,3.6,2.17,3.04,4.25,2.15,2.9,3.6,2.15,3,3.9,33,2.17,2.11,3.1,2.99,4.25,3.7,27,2.62,2.47,1.56,1.5,15,-0.25,1.84,1.81,2.1,2.05,2.25,3.17,3.78
F2,18/08/17,Clermont,Lorient,0,2,A,0,0,D,3.6,3.2,2.1,3.3,3.1,2.2,3.25,3.15,2.1,3.2,3.2,2.2,3.59,3.2,2.3,3.2,3.2,2.15,3.4,3.2,2.25,34,3.6,3.26,3.29,3.15,2.3,2.2,34,2.12,2,1.86,1.78,14,0.25,1.96,1.92,1.96,1.92,3.44,3.36,2.29
F2,18/08/17,LeHavre,Valenciennes,1,0,H,0,0,D,1.67,3.6,5.5,1.67,3.5,5,1.65,3.45,5.25,1.67,3.6,5,1.7,3.57,6.35,1.7,3.4,4.8,1.65,3.6,5.75,34,1.71,1.66,3.62,3.47,6.35,5.29,34,2.2,2.11,1.76,1.7,14,-0.75,1.91,1.87,2.03,1.97,1.66,3.7,6.6
F2,18/08/17,Nancy,Sochaux,2,2,D,2,1,H,2.3,3,3.4,2.25,2.8,3.6,2.25,2.9,3.25,2.25,2.9,3.25,2.39,3.02,3.63,2.2,3,3.3,2.3,3,3.5,34,2.39,2.27,3.2,2.94,3.63,3.34,28,2.61,2.41,1.58,1.52,16,-0.25,2.03,1.97,1.94,1.88,2.41,3.05,3.55
F2,18/08/17,Niort,Tours,2,1,H,1,0,H,2.25,3.1,3.4,2.05,3.25,3.5,2.25,3.05,3.1,2.25,3.1,3.1,2.38,3.18,3.44,2.25,3.2,3,2.3,3.13,3.3,34,2.39,2.25,3.25,3.11,3.5,3.21,34,2.15,2.05,1.81,1.74,16,-0.25,2.03,1.98,1.91,1.87,2.3,3.18,3.62
F2,18/08/17,Reims,BourgPeronnas,3,0,H,0,0,D,1.55,3.75,6.5,1.55,3.6,6.25,1.5,3.85,5.75,1.53,3.8,5.8,1.57,4.03,7.13,1.53,3.8,5.5,1.53,3.9,7,32,1.57,1.53,4.03,3.83,7.26,6.06,32,1.96,1.85,1.98,1.91,13,-1,2.01,1.95,1.94,1.88,1.53,4.3,7.82
F2,19/08/17,Lens,Brest,2,4,A,1,1,D,2.2,3,3.6,2.15,3.1,3.4,2.1,3,3.45,2.2,3.1,3.4,2.2,3.18,3.92,2.15,3.2,3.2,2.1,3.2,3.75,33,2.2,2.13,3.2,3.1,3.92,3.45,27,2.29,2.18,1.67,1.63,14,-0.25,1.87,1.82,2.09,2.02,2.05,3.56,3.9
F2,21/08/17,Chateauroux,Nimes,1,0,H,0,0,D,2.9,3.1,2.5,2.75,3,2.6,2.7,3.05,2.5,2.75,3.1,2.45,3.04,3.13,2.67,2.62,3.1,2.6,2.9,3.1,2.6,32,3.04,2.79,3.15,3.06,2.67,2.5,29,2.12,2.01,1.85,1.75,13,0,2.09,2.03,1.86,1.81,3.95,3.45,2.07
F2,25/08/17,BourgPeronnas,AjaccioGFCO,2,0,H,0,0,D,3,3,2.5,2.75,2.95,2.65,2.8,3,2.45,2.8,3.1,2.45,3.07,3.06,2.68,2.8,3,2.5,2.9,3.1,2.6,31,3.07,2.84,3.2,3.04,2.68,2.51,30,2.17,2.1,1.78,1.7,11,0,2.11,2.07,1.83,1.8,3.67,3.13,2.28
F2,25/08/17,Brest,Nancy,2,1,H,0,1,A,2.25,3.2,3.3,2.25,2.85,3.5,2.2,2.95,3.25,2.2,3,3.25,2.33,3.09,3.67,2.25,3,3.2,2.3,3.1,3.4,35,2.35,2.25,3.2,3.02,3.67,3.3,33,2.35,2.21,1.69,1.63,14,-0.25,1.99,1.95,1.95,1.91,2.42,3.1,3.44
F2,25/08/17,Nimes,LeHavre,1,0,H,1,0,H,2.25,3.4,3.25,2.3,2.95,3.25,2.2,3.1,3.1,2.2,3.2,3.1,2.39,3.35,3.25,2.2,3.2,3.1,2.3,3.25,3.2,35,2.39,2.27,3.4,3.15,3.32,3.13,34,1.99,1.91,1.98,1.86,14,-0.25,2.04,1.99,1.91,1.86,2.4,3.37,3.22
F2,25/08/17,ParisFC,Auxerre,2,1,H,1,0,H,2.5,2.9,3.1,2.4,2.9,3.1,2.45,2.85,2.95,2.5,2.87,3,2.74,2.86,3.22,2.45,2.9,3,2.6,2.88,3.1,35,2.74,2.5,2.95,2.86,3.22,3.02,28,2.66,2.52,1.52,1.48,13,0,1.82,1.78,2.16,2.1,2.8,2.84,3.16
F2,25/08/17,Quevilly,Clermont,0,2,A,0,2,A,3,2.9,2.6,3,2.95,2.45,2.8,2.95,2.5,2.8,3.1,2.45,3.11,3.1,2.62,2.88,3,2.45,3,3.1,2.5,35,3.11,2.9,3.25,3.02,2.62,2.47,34,2.25,2.13,1.78,1.69,14,0,2.13,2.09,1.82,1.79,3.45,3.16,2.39
F2,25/08/17,Sochaux,Chateauroux,1,5,A,0,3,A,1.67,3.5,5.5,1.6,3.4,6.25,1.65,3.4,5,1.61,3.5,5.5,1.71,3.68,5.86,1.65,3.5,5,1.67,3.5,6,35,1.73,1.66,3.68,3.45,6.25,5.39,34,2.23,2.14,1.74,1.68,13,-0.75,1.94,1.9,2.01,1.96,1.8,3.54,5.35
F2,25/08/17,Tours,Ajaccio,1,3,A,0,2,A,2.3,3,3.4,2.35,2.9,3.25,2.3,2.95,3.05,2.3,3.1,3.1,2.47,3.07,3.39,2.3,3.1,3,2.38,3.1,3.2,34,2.47,2.33,3.2,3.03,3.4,3.13,33,2.26,2.13,1.75,1.68,13,-0.25,2.08,2.04,1.86,1.83,2.51,3.11,3.27
F2,25/08/17,Valenciennes,Niort,4,1,H,3,0,H,2.45,2.9,3.2,2.4,2.95,3.1,2.35,2.9,3.05,2.37,3,3,2.53,2.98,3.39,2.38,3.1,2.88,2.45,3,3.2,35,2.53,2.39,3.1,2.96,3.39,3.08,29,2.38,2.24,1.68,1.61,14,-0.25,2.13,2.08,1.84,1.79,2.34,3.14,3.57
F2,26/08/17,Lorient,Reims,2,1,H,1,1,D,2,3.1,4.2,2,3.2,3.7,1.95,3.15,3.65,2,3.2,3.6,2.13,3.21,4.08,2.05,3.25,3.4,2.05,3.2,3.9,34,2.13,2.03,3.3,3.15,4.2,3.71,33,2.14,2.05,1.81,1.74,12,-0.5,2.13,2.05,1.85,1.82,2.19,3.15,3.98
F2,28/08/17,Orleans,Lens,2,0,H,2,0,H,2.55,2.88,3.1,2.55,3,2.85,2.5,3,2.75,2.5,3.1,2.75,2.71,3.1,3,2.45,3.2,2.7,2.6,3.1,2.88,34,2.71,2.53,3.2,3.02,3.1,2.81,32,2.11,2.02,1.83,1.75,12,0,1.86,1.83,2.06,2.02,2.75,3.15,2.9
F2,08/09/17,Ajaccio,Nimes,1,4,A,1,2,A,2.5,3.1,2.9,2.75,2.9,2.7,2.55,3,2.7,2.5,3.1,2.75,2.71,3.11,2.99,2.6,3.1,2.6,2.6,3.1,2.88,32,2.75,2.56,3.2,3.01,3.02,2.81,31,2.21,2.13,1.76,1.69,14,0,1.88,1.84,2.07,2.03,2.77,3.03,3
F2,08/09/17,AjaccioGFCO,Sochaux,0,1,A,0,0,D,2.25,3,3.5,2.3,2.9,3.3,2.25,2.9,3.2,2.25,3,3.2,2.41,2.99,3.62,2.38,2.9,3.1,2.38,3,3.4,33,2.41,2.31,3.01,2.92,3.62,3.31,25,2.5,2.37,1.6,1.54,14,-0.25,2.03,1.99,1.91,1.87,2.38,2.96,3.74
F2,08/09/17,Auxerre,Tours,1,1,D,1,1,D,2,3,4.5,2.1,3,3.7,2,3,3.8,2.1,3,3.5,2.04,3.16,4.56,2.1,3,3.6,2.1,3.13,3.5,33,2.1,2.04,3.21,3.06,4.59,3.86,25,2.41,2.28,1.65,1.58,14,-0.25,1.76,1.73,2.26,2.17,2.04,3.15,4.6
F2,08/09/17,Chateauroux,Quevilly,3,2,H,2,0,H,1.91,3.25,4.33,1.85,3.3,4.2,1.9,3.2,3.8,1.95,3.25,3.75,2.05,3.23,4.39,1.91,3.3,3.8,1.95,3.3,4.1,33,2.05,1.96,3.4,3.21,4.39,3.91,32,2.13,2.02,1.84,1.76,14,-0.5,2.04,1.98,1.92,1.88,2.06,3.27,4.3
F2,08/09/17,Clermont,BourgPeronnas,4,1,H,1,0,H,1.73,3.5,5,1.75,3.2,5,1.7,3.6,4.25,1.75,3.6,4.25,1.78,3.78,5,1.75,3.75,4,1.73,3.6,5,31,1.79,1.74,3.8,3.61,5,4.45,29,1.8,1.73,2.2,2.06,11,-0.75,2.01,1.97,1.93,1.88,1.81,3.83,4.74
F2,08/09/17,LeHavre,Orleans,1,1,D,0,1,A,1.75,3.5,4.75,1.75,3.3,4.75,1.75,3.4,4.35,1.8,3.3,4.4,1.83,3.49,5.17,1.8,3.3,4.33,1.8,3.4,5,33,1.87,1.78,3.5,3.35,5.17,4.57,31,2.13,2.05,1.82,1.74,13,-0.5,1.87,1.8,2.12,2.07,1.78,3.62,5.34
F2,08/09/17,Nancy,Valenciennes,3,0,H,0,0,D,1.73,3.5,5,1.8,3.3,4.5,1.75,3.3,4.5,1.75,3.3,4.6,1.85,3.45,5.15,1.73,3.4,4.6,1.8,3.3,5,33,1.85,1.79,3.5,3.31,5.15,4.62,30,2.25,2.16,1.73,1.67,14,-0.5,1.85,1.81,2.12,2.05,1.72,3.53,6.19
F2,08/09/17,Niort,ParisFC,0,2,A,0,2,A,2.2,3,3.6,2.3,2.9,3.3,2.2,2.9,3.3,2.25,3,3.25,2.43,2.96,3.63,2.2,3,3.3,2.3,3,3.5,33,2.43,2.27,3.1,2.94,3.63,3.36,25,2.51,2.4,1.58,1.53,14,-0.25,2.03,1.97,1.92,1.88,2.64,2.93,3.28
F2,09/09/17,Lens,Lorient,2,3,A,1,1,D,3,3,2.5,2.7,3,2.65,2.7,3.1,2.5,2.7,3.25,2.45,3.02,3.09,2.7,2.5,3.25,2.6,2.8,3.13,2.63,32,3.02,2.73,3.25,3.09,2.7,2.54,31,1.97,1.86,2.01,1.91,12,0,2.04,2,1.89,1.86,2.95,3.22,2.66
F2,11/09/17,Reims,Brest,0,1,A,0,0,D,1.85,3.3,4.5,1.91,3.25,4,1.8,3.25,4.1,1.85,3.3,4,1.92,3.26,5.05,1.91,3.3,3.8,1.87,3.3,4.5,32,1.92,1.87,3.4,3.23,5.05,4.19,31,2.1,2.01,1.84,1.77,12,-0.5,1.92,1.89,2.02,1.97,1.92,3.54,4.52
F2,15/09/17,AjaccioGFCO,Clermont,2,1,H,1,1,D,2.3,3.1,3.25,2.3,3,3.2,2.25,2.95,3.15,2.2,3,3.3,2.41,3.09,3.51,2.25,3,3.2,2.4,3,3.3,35,2.45,2.3,3.1,2.99,3.51,3.23,27,2.44,2.32,1.63,1.56,15,-0.25,2.07,2.02,1.89,1.84,2.57,3.09,3.21
F2,15/09/17,BourgPeronnas,Chateauroux,3,0,H,3,0,H,2.5,3.1,2.9,2.55,3.1,2.75,2.4,3.1,2.75,2.4,3.25,2.7,2.77,3.13,2.89,2.45,3.2,2.7,2.55,3.2,2.88,33,2.77,2.51,3.26,3.1,2.9,2.77,32,2.05,1.94,1.95,1.82,13,0,1.9,1.85,2.06,1.99,2.95,3.19,2.68
F2,15/09/17,Brest,LeHavre,1,0,H,0,0,D,2.5,3.1,2.9,2.5,3,2.9,2.4,3,2.85,2.5,3.1,2.8,2.64,3.13,3.05,2.45,3.1,2.8,2.6,3.1,2.88,35,2.64,2.5,3.2,3.05,3.05,2.85,33,2.2,2.12,1.76,1.69,15,0,1.88,1.81,2.1,2.04,2.71,3.14,2.96
F2,15/09/17,Lorient,Ajaccio,2,0,H,1,0,H,1.5,3.9,7,1.53,3.8,6.25,1.5,3.85,5.5,1.6,3.7,5.5,1.56,4.21,6.5,1.53,4,5.5,1.53,4,6.5,35,1.6,1.53,4.25,3.94,7,5.84,34,1.87,1.77,2.09,2,14,-1,2,1.95,1.95,1.89,1.55,4.19,6.8
F2,15/09/17,Nimes,Auxerre,3,0,H,0,0,D,1.83,3.2,4.75,1.87,3.1,4.5,1.8,3.25,4.35,1.91,3.1,4,1.87,3.31,5.33,1.8,3.25,4.4,1.83,3.25,5,35,1.91,1.82,3.31,3.24,5.33,4.53,31,2.28,2.17,1.71,1.65,15,-0.5,1.9,1.84,2.05,2.01,1.99,3.27,4.6
F2,15/09/17,Orleans,Niort,3,1,H,2,0,H,1.91,3.2,4.33,1.95,3.1,4.1,1.9,3.15,3.95,1.91,3.2,4,2,3.26,4.55,1.95,3.2,3.8,1.93,3.25,4.33,30,2,1.93,3.3,3.18,4.55,4.08,28,2.25,2.13,1.75,1.69,14,-0.5,2.02,1.96,1.93,1.89,2.03,3.26,4.42
F2,15/09/17,ParisFC,Tours,2,0,H,1,0,H,2.1,3.1,3.75,2,3.1,3.9,2.1,2.95,3.45,2.05,3,3.75,2.32,3.02,3.81,2.05,3.1,3.6,2.2,3.1,3.6,35,2.32,2.16,3.1,2.99,3.94,3.56,27,2.42,2.3,1.65,1.57,15,-0.25,1.96,1.89,2,1.96,2.36,2.99,3.74
F2,15/09/17,Quevilly,Nancy,2,0,H,0,0,D,3.8,3.2,2.05,3.6,3.2,2.05,3.4,3.1,2.1,3.6,3.2,2,3.92,3.24,2.17,3.4,3.25,2.05,3.6,3.2,2.15,34,3.92,3.47,3.25,3.14,2.2,2.12,28,2.19,2.1,1.78,1.7,13,0.25,2.06,2.01,1.89,1.84,3.88,3.2,2.2
F2,15/09/17,Valenciennes,Lens,1,0,H,0,0,D,3.1,3.1,2.38,2.9,3.1,2.45,2.9,3.05,2.35,2.8,3.1,2.4,3.17,3.21,2.51,2.7,3.2,2.45,3,3.2,2.45,34,3.17,2.94,3.25,3.07,2.53,2.41,32,2.15,2.02,1.84,1.75,13,0,2.21,2.14,1.8,1.75,3.18,3.32,2.44
F2,16/09/17,Sochaux,Reims,2,4,A,1,1,D,2.7,3,2.8,2.6,2.9,2.85,2.6,2.9,2.7,2.6,3,2.75,2.83,3.03,2.92,2.6,3,2.7,2.7,3,2.8,35,2.83,2.62,3.05,2.96,2.97,2.76,27,2.38,2.24,1.65,1.59,14,0,1.93,1.87,2.01,1.97,3.03,3.06,2.72
F2,18/09/17,Lens,Quevilly,2,0,H,0,0,D,1.73,3.5,5,1.75,3.5,4.5,1.7,3.5,4.4,1.73,3.5,4.4,1.77,3.68,5.33,1.73,3.5,4.5,1.75,3.6,4.8,37,1.8,1.73,3.69,3.48,5.33,4.66,36,1.9,1.81,2.05,1.95,14,-0.75,2.02,1.96,1.93,1.88,1.63,4.06,6.04
F2,19/09/17,Ajaccio,Valenciennes,3,0,H,1,0,H,2.05,3.1,4,2.1,3,3.75,2,3.05,3.7,2.05,3.1,3.6,2.16,3.09,4.19,2.1,3.1,3.4,2.05,3.13,4,37,2.16,2.05,3.2,3.07,4.3,3.77,34,2.32,2.18,1.7,1.65,14,-0.5,2.15,2.06,1.83,1.79,1.96,3.25,4.82
F2,19/09/17,Auxerre,Lorient,1,0,H,0,0,D,3.5,3.2,2.15,3.4,3.2,2.1,3.3,3.15,2.1,3.3,3.2,2.1,3.87,3.23,2.19,3.2,3.2,2.15,3.6,3.2,2.15,37,3.87,3.44,3.3,3.15,2.19,2.12,36,2.13,2,1.85,1.77,14,0.25,2.07,2.01,1.88,1.84,3.31,3.19,2.45
F2,19/09/17,Chateauroux,Clermont,0,2,A,0,0,D,2.5,3.1,2.9,2.45,3,2.95,2.4,3,2.9,2.4,3.1,2.87,2.62,3.04,3.17,2.38,3.1,2.88,2.55,3.1,2.9,37,2.62,2.46,3.14,3.04,3.17,2.9,35,2.14,2.05,1.8,1.73,14,-0.25,2.19,2.14,1.78,1.73,2.62,3.27,2.97
F2,19/09/17,LeHavre,Sochaux,1,0,H,1,0,H,1.73,3.3,5.5,1.8,3.3,4.6,1.7,3.3,4.7,1.75,3.3,4.75,1.74,3.57,5.94,1.75,3.3,4.6,1.75,3.3,5.5,37,1.8,1.75,3.57,3.32,6.06,4.88,32,2.3,2.19,1.7,1.63,13,-0.75,2.07,1.99,1.94,1.85,1.69,3.8,5.87
F2,19/09/17,Nancy,BourgPeronnas,2,1,H,0,1,A,1.62,3.4,6.5,1.6,3.3,6.5,1.6,3.5,5,1.67,3.6,5,1.68,3.55,6.67,1.65,3.6,4.8,1.65,3.6,6,35,1.7,1.64,3.75,3.49,6.67,5.45,34,2.02,1.93,1.92,1.83,12,-0.75,1.91,1.86,2.04,1.97,1.86,3.45,5
F2,19/09/17,Niort,Brest,0,2,A,0,0,D,2.9,3.1,2.5,2.8,3.1,2.5,2.7,3,2.5,2.7,3.1,2.5,3,3.07,2.73,2.7,3.2,2.45,2.88,3.1,2.63,37,3,2.76,3.2,3.04,2.73,2.56,35,2.13,2.05,1.83,1.74,14,0,2.05,1.99,1.9,1.85,3.01,3.17,2.66
F2,19/09/17,ParisFC,Orleans,1,0,H,0,0,D,2.3,3,3.4,2.4,3,3,2.3,2.9,3.15,2.3,3,3.1,2.43,3.03,3.54,2.45,3,2.88,2.4,3,3.25,37,2.55,2.36,3.03,2.95,3.54,3.16,31,2.46,2.32,1.62,1.56,15,-0.25,2.09,2.04,1.86,1.82,2.28,3.08,3.83
F2,19/09/17,Reims,AjaccioGFCO,5,0,H,3,0,H,1.65,3.5,6,1.67,3.5,5,1.65,3.4,4.85,1.61,3.5,5.5,1.63,3.7,7.05,1.6,3.5,5.5,1.62,3.6,6.25,37,1.73,1.63,3.7,3.47,7.05,5.68,35,2.22,2.12,1.74,1.69,14,-0.75,1.89,1.82,2.08,2.02,1.65,3.86,6.28
F2,19/09/17,Tours,Nimes,0,4,A,0,1,A,3.3,3.25,2.2,3.3,3.1,2.2,3.1,3.1,2.2,3.1,3.2,2.25,3.52,3.25,2.31,3.1,3.3,2.15,3.3,3.25,2.25,37,3.51,3.2,3.3,3.1,2.35,2.24,36,2.05,1.96,1.91,1.81,14,0.25,1.97,1.9,1.99,1.93,3.02,3.39,2.5
F2,22/09/17,AjaccioGFCO,Chateauroux,2,1,H,1,0,H,1.85,3.3,4.5,1.95,3,4.33,1.85,3.2,4.15,1.87,3.2,4,1.92,3.32,4.92,1.85,3.3,4,1.9,3.3,4.5,38,2.05,1.89,3.32,3.2,4.92,4.22,34,2.27,2.13,1.76,1.68,17,-0.5,1.98,1.9,2,1.95,1.89,3.31,5.14
F2,22/09/17,BourgPeronnas,LeHavre,2,1,H,1,0,H,3.75,3.25,2.05,3.3,3.2,2.15,3.3,3.15,2.05,3.3,3.25,2.1,3.85,3.26,2.18,3.5,3.3,2,3.6,3.25,2.15,36,3.87,3.45,3.3,3.2,2.2,2.1,35,2.02,1.94,1.96,1.82,14,0.25,2.07,2.01,1.88,1.83,3.8,3.25,2.2
F2,22/09/17,Brest,ParisFC,1,1,D,0,1,A,1.95,3,4.5,2,2.95,4.2,1.95,3.05,3.95,1.95,3.1,3.9,2.02,3.2,4.58,2,3.1,3.8,1.95,3.1,4.5,38,2.02,1.97,3.21,3.08,4.6,4.08,32,2.5,2.36,1.63,1.55,17,-0.5,2.02,1.97,1.92,1.88,2.04,3.25,4.4
F2,22/09/17,Nimes,Niort,1,5,A,1,2,A,1.53,4,6.25,1.53,3.9,6,1.5,3.9,5.5,1.5,4,5.8,1.52,4.51,6.96,1.5,3.75,6,1.5,4.1,7,38,1.6,1.52,4.51,3.96,7,6.07,37,1.82,1.75,2.15,2.04,17,-1,1.98,1.89,2,1.94,1.56,4.48,6.29
F2,22/09/17,Orleans,Tours,1,1,D,1,1,D,1.91,3.1,4.5,2,3,4,1.95,3.1,3.75,2,3.2,3.75,2.04,3.36,4.2,2,3.2,3.6,2,3.2,4.1,38,2.04,1.99,3.36,3.14,4.5,3.89,34,2.29,2.15,1.74,1.66,17,-0.5,2.05,2,1.91,1.85,2.22,3.31,3.68
F2,22/09/17,Quevilly,Reims,1,2,A,0,0,D,5.5,3.6,1.65,5,3.4,1.72,4.9,3.45,1.65,5.2,3.5,1.67,5.91,3.73,1.7,5,3.5,1.65,6,3.6,1.65,38,6,5.2,3.76,3.55,1.72,1.66,36,2.12,2.04,1.85,1.74,16,0.75,2.06,1.99,1.91,1.85,6.4,3.88,1.64
F2,22/09/17,Sochaux,Ajaccio,1,6,A,1,5,A,2.05,3.2,3.8,2.05,3.1,3.7,2.05,3.1,3.5,2.1,3.2,3.4,2.17,3.16,4.05,2,3.2,3.6,2.1,3.2,3.75,38,2.17,2.07,3.25,3.13,4.05,3.64,36,2.2,2.07,1.79,1.72,17,-0.5,2.18,2.09,1.83,1.77,2.23,3.18,3.83
F2,22/09/17,Valenciennes,Auxerre,0,2,A,0,0,D,3.2,2.9,2.4,2.75,2.95,2.65,2.85,2.9,2.45,2.9,3,2.45,3.14,3.09,2.61,2.8,3,2.5,3,3,2.55,38,3.2,2.93,3.09,2.96,2.8,2.5,32,2.51,2.38,1.6,1.54,17,0,2.17,2.11,1.8,1.76,3.01,3.15,2.66
F2,23/09/17,Lorient,Nancy,0,0,D,0,0,D,1.75,3.5,4.75,1.75,3.4,4.6,1.7,3.4,4.45,1.75,3.4,4.6,1.76,3.55,5.73,1.8,3.3,4.33,1.75,3.5,5,38,1.8,1.74,3.55,3.41,5.73,4.68,35,2.17,2.05,1.8,1.73,15,-0.75,2.06,2.01,1.89,1.83,1.75,3.74,5.37
F2,25/09/17,Clermont,Lens,1,0,H,1,0,H,2.38,3.2,3,2.35,3.1,3,2.35,3.15,2.8,2.37,3.2,2.8,2.54,3.29,3.05,2.45,3.2,2.7,2.45,3.2,3,37,2.54,2.39,3.4,3.18,3.1,2.87,35,2,1.92,1.95,1.84,15,-0.25,2.18,2.11,1.8,1.75,2.33,3.43,3.29
F2,29/09/17,Ajaccio,BourgPeronnas,2,0,H,0,0,D,1.8,3.6,4.33,1.83,3.3,4.33,1.75,3.5,4.2,1.75,3.5,4.25,1.84,3.54,5.05,1.83,3.4,4,1.8,3.6,4.5,35,1.84,1.78,3.7,3.48,5.05,4.35,34,1.83,1.77,2.12,2,14,-0.5,1.83,1.78,2.12,2.06,1.83,3.73,4.76
F2,29/09/17,Auxerre,Sochaux,2,0,H,0,0,D,1.91,3.1,4.5,1.95,3.1,4.1,1.85,3.15,4.1,1.95,3.1,4,2,3.26,4.55,1.85,3.2,4.2,1.95,3.2,4.4,37,2,1.92,3.3,3.15,4.55,4.15,31,2.38,2.29,1.63,1.58,16,-0.5,2,1.95,1.94,1.89,2.02,3.31,4.37
F2,29/09/17,Lens,AjaccioGFCO,2,0,H,1,0,H,1.85,3.2,4.75,1.9,3,4.5,1.8,3.3,4.05,1.87,3.3,4.6,1.93,3.43,4.68,1.91,3.3,3.8,1.9,3.3,4.4,36,1.93,1.88,3.43,3.27,4.75,4.18,34,2.1,2,1.85,1.77,16,-0.5,1.98,1.9,1.99,1.93,1.96,3.45,4.44
F2,29/09/17,Nancy,Chateauroux,4,1,H,3,0,H,1.75,3.3,5.25,1.75,3.25,5,1.7,3.35,4.75,1.73,3.4,4.8,1.78,3.42,5.82,1.7,3.3,5,1.75,3.4,5.25,37,1.8,1.74,3.55,3.32,5.82,4.91,35,2.18,2.06,1.8,1.73,15,-0.75,2.06,2.01,1.89,1.83,1.88,3.36,5.08
F2,29/09/17,Niort,Quevilly,2,1,H,1,0,H,1.83,3.25,4.5,1.87,3.4,4,1.8,3.4,3.9,1.85,3.4,3.9,1.95,3.43,4.47,1.83,3.4,4,1.9,3.4,4.33,37,1.95,1.87,3.6,3.33,4.5,4.08,36,1.99,1.89,1.98,1.88,16,-0.5,1.95,1.89,2,1.95,1.89,3.72,4.37
F2,29/09/17,Orleans,Valenciennes,3,4,A,3,1,H,1.75,3.3,5.25,1.72,3.25,5.25,1.7,3.25,4.8,1.8,3.2,4.75,1.85,3.35,5.43,1.7,3.3,5,1.8,3.3,5.25,37,1.85,1.76,3.45,3.26,5.43,4.88,31,2.46,2.34,1.58,1.55,16,-0.5,1.85,1.79,2.11,2.06,1.9,3.59,4.51
F2,29/09/17,ParisFC,Nimes,2,1,H,2,1,H,3.2,3,2.38,3.1,3,2.35,3.05,2.95,2.3,3,3,2.37,3.31,3.07,2.52,2.8,3.1,2.45,3.1,3.1,2.45,37,3.31,3.04,3.1,2.99,2.52,2.39,34,2.26,2.13,1.74,1.67,15,0,2.24,2.17,1.75,1.71,2.91,3.1,2.78
F2,29/09/17,Tours,Brest,1,2,A,0,0,D,2.6,3.1,2.8,2.65,3,2.7,2.5,3.05,2.65,2.5,3.2,2.7,2.78,3.08,2.93,2.6,3.1,2.62,2.63,3.2,2.8,37,2.78,2.58,3.25,3.07,2.93,2.72,36,2.08,2,1.86,1.77,16,0,1.91,1.86,2.04,1.98,3.2,3.24,2.47
F2,30/09/17,Reims,Clermont,1,0,H,0,0,D,1.67,3.75,5,1.7,3.4,5,1.65,3.5,4.8,1.67,3.5,4.6,1.78,3.62,5.39,1.65,3.5,5,1.7,3.6,5.4,35,1.78,1.69,3.75,3.53,5.4,4.89,34,2.03,1.94,1.91,1.82,15,-0.75,2,1.92,1.97,1.92,1.76,3.63,5.53
F2,02/10/17,LeHavre,Lorient,3,2,H,2,1,H,2.55,2.88,3.1,2.55,2.95,2.9,2.45,3,2.8,2.45,3.2,2.8,2.63,3.12,3.09,2.45,3.2,2.7,2.55,3.13,2.9,33,2.63,2.48,3.2,3.04,3.1,2.84,32,2.2,2.08,1.76,1.7,13,0,1.83,1.79,2.12,2.05,2.69,3.21,2.93
F2,13/10/17,AjaccioGFCO,Nancy,2,1,H,1,0,H,2.5,3,3,2.6,2.85,2.9,2.5,2.85,2.9,2.55,2.9,2.87,2.63,3.04,3.16,2.45,3,2.88,2.63,2.9,3,35,2.67,2.53,3.06,2.94,3.16,2.93,29,2.63,2.47,1.55,1.51,18,0,1.84,1.79,2.14,2.06,2.81,3.04,2.95
F2,13/10/17,BourgPeronnas,Lens,0,6,A,0,3,A,3.4,3.3,2.15,3.4,3,2.2,3.1,3.25,2.15,3.2,3.3,2.1,3.54,3.44,2.21,3,3.3,2.2,3.4,3.3,2.2,35,3.54,3.25,3.45,3.26,2.26,2.17,34,1.92,1.85,2,1.92,17,0.25,2.02,1.97,1.92,1.87,3.91,3.58,2.05
F2,13/10/17,Brest,Auxerre,1,1,D,1,1,D,2.05,3.1,4.2,2,3,4,2,3.05,3.6,2.1,3.1,3.5,2.17,3.2,3.97,2,3.1,3.75,2.1,3.13,3.8,35,2.17,2.07,3.21,3.1,4.2,3.71,29,2.38,2.25,1.69,1.6,18,-0.25,1.86,1.81,2.12,2.05,2.25,3.21,3.72
F2,13/10/17,Chateauroux,Reims,3,1,H,1,1,D,4.33,3.2,1.91,3.8,3,2.05,3.85,3.2,1.9,3.9,3.2,1.91,4.55,3.41,1.95,4.33,3.3,1.8,4.33,3.3,1.91,35,4.55,4.12,3.41,3.25,2.05,1.9,33,2.23,2.13,1.76,1.68,17,0.5,1.97,1.92,1.98,1.92,4.36,3.51,1.96
F2,13/10/17,Nimes,Orleans,4,1,H,2,1,H,1.7,3.5,5.25,1.7,3.3,5.25,1.7,3.6,4.35,1.73,3.5,4.5,1.76,3.72,5.35,1.65,3.75,4.6,1.73,3.6,5,35,1.78,1.72,3.75,3.54,5.35,4.77,34,1.94,1.84,2,1.93,17,-0.75,2,1.95,1.94,1.89,1.83,3.69,4.83
F2,13/10/17,Quevilly,Ajaccio,0,1,A,0,0,D,3.3,3.2,2.25,3.3,3.1,2.2,3.15,3.1,2.15,3.2,3.1,2.2,3.6,3.29,2.25,3.3,3.2,2.1,3.5,3.2,2.2,35,3.6,3.25,3.3,3.17,2.34,2.2,33,2.16,2.07,1.78,1.72,17,0.25,2,1.94,1.94,1.9,3.49,3.3,2.3
F2,13/10/17,Sochaux,ParisFC,1,0,H,1,0,H,2.3,3.1,3.2,2.35,2.9,3.2,2.25,2.9,3.15,2.3,2.9,3.2,2.45,3.07,3.44,2.3,3,3.1,2.4,2.9,3.4,35,2.45,2.32,3.14,2.97,3.44,3.23,29,2.67,2.51,1.6,1.49,18,-0.25,2.07,2.02,1.89,1.83,2.32,3.12,3.64
F2,13/10/17,Valenciennes,Tours,2,0,H,0,0,D,2.38,3,3.2,2.4,3,3,2.3,3.15,2.9,2.3,3.2,2.9,2.38,3.36,3.24,2.2,3.1,3.2,2.38,3.2,3.1,34,2.42,2.3,3.37,3.19,3.24,3.07,33,2.05,1.92,1.96,1.86,18,-0.25,2.05,2.01,1.88,1.84,2.76,3.28,2.8
F2,14/10/17,Clermont,LeHavre,3,0,H,1,0,H,2.45,3.1,3,2.4,3,3,2.4,3.1,2.8,2.45,3,2.87,2.52,3.23,3.13,2.45,3.1,2.8,2.55,3.13,2.9,32,2.55,2.44,3.23,3.09,3.13,2.88,30,2.2,2.09,1.78,1.7,13,0,1.82,1.78,2.13,2.07,2.25,3.35,3.55
F2,16/10/17,Lorient,Niort,0,0,D,0,0,D,1.44,4.2,7.5,1.5,3.7,7,1.45,4.05,6,1.5,4,6,1.5,4.56,7.18,1.5,4.2,5.5,1.5,4.2,7,32,1.5,1.47,4.56,4.13,7.5,6.34,29,1.82,1.75,2.11,2.02,15,-1,1.87,1.82,2.06,2.01,1.52,4.51,6.96
F2,20/10/17,Auxerre,Quevilly,2,1,H,0,1,A,1.72,3.5,5,1.65,3.6,5,1.7,3.45,4.65,1.61,3.5,5.25,1.74,3.7,5.56,1.65,3.5,5,1.7,3.5,5.4,35,1.77,1.7,3.75,3.5,5.57,4.91,33,2.14,2.03,1.82,1.75,17,-0.75,1.98,1.94,1.96,1.9,1.83,3.59,4.99
F2,20/10/17,LeHavre,Chateauroux,1,1,D,1,0,H,1.66,3.6,5.25,1.65,3.6,5,1.65,3.55,4.55,1.67,3.5,5,1.75,3.85,5.16,1.7,3.4,4.8,1.73,3.6,5,35,1.77,1.71,3.85,3.58,5.25,4.73,34,1.95,1.83,2.06,1.94,17,-0.75,1.99,1.93,1.96,1.91,1.81,3.78,4.79
F2,20/10/17,Nancy,Clermont,2,2,D,1,1,D,2.2,3,3.6,2.2,2.95,3.5,2.1,3,3.5,2.15,3,3.4,2.2,3.12,4,2.15,3,3.4,2.15,3.1,3.8,35,2.21,2.14,3.2,3.03,4.01,3.59,29,2.48,2.36,1.6,1.55,16,-0.5,2.2,2.14,1.77,1.72,2.15,3.1,4.21
F2,20/10/17,Nimes,Brest,4,0,H,1,0,H,1.9,3.39,4,1.95,3.25,3.9,1.9,3.35,3.55,1.95,3.3,3.6,2.04,3.56,3.92,2,3.3,3.5,2,3.4,3.9,34,2.04,1.97,3.56,3.36,4,3.69,33,1.89,1.82,2.03,1.95,18,-0.5,2.04,1.99,1.89,1.85,1.99,3.61,4.06
F2,20/10/17,Niort,BourgPeronnas,2,0,H,0,0,D,1.75,3.75,4.33,1.8,3.5,4.2,1.8,3.6,3.85,1.75,3.6,4.2,1.84,3.75,4.64,1.8,3.5,4,1.8,3.7,4.5,35,1.86,1.79,3.77,3.61,4.64,4.13,33,1.79,1.71,2.17,2.08,17,-0.5,1.84,1.8,2.11,2.05,1.76,3.87,5.07
F2,20/10/17,Orleans,Lorient,1,2,A,1,0,H,3.39,3.2,2.2,3.4,2.95,2.25,3.15,3.15,2.15,3.1,3.2,2.2,3.53,3.36,2.25,2.88,3.25,2.3,3.4,3.25,2.2,35,3.53,3.26,3.43,3.19,2.3,2.19,34,2.04,1.95,1.93,1.82,17,0.25,2,1.95,1.93,1.89,4.11,3.38,2.06
F2,20/10/17,ParisFC,Valenciennes,3,2,H,1,1,D,1.9,3.25,4.33,1.85,3.1,4.6,1.85,3.2,4.1,1.91,3.1,4.2,1.96,3.34,4.65,1.85,3.2,4.2,1.93,3.2,4.5,34,1.99,1.9,3.34,3.18,4.7,4.25,28,2.43,2.28,1.66,1.59,17,-0.5,1.97,1.93,1.96,1.91,1.96,3.3,4.59
F2,20/10/17,Tours,Sochaux,0,1,A,0,0,D,2.39,3.2,3,2.35,3.2,2.95,2.3,3.1,2.9,2.3,3.1,3.1,2.57,3.21,3.08,2.15,3.1,3.3,2.5,3.13,3,35,2.57,2.39,3.3,3.14,3.3,2.97,33,2.15,2.04,1.84,1.75,18,-0.25,2.18,2.1,1.82,1.76,2.74,3.2,2.87
F2,21/10/17,Lens,Reims,0,1,A,0,1,A,2.62,3.25,2.62,2.45,3.2,2.8,2.5,3.2,2.55,2.5,3.2,2.65,2.69,3.37,2.8,2.45,3.2,2.7,2.63,3.2,2.8,34,2.75,2.55,3.37,3.19,2.85,2.68,33,2,1.93,1.93,1.85,17,0,1.92,1.87,2.03,1.98,2.6,3.33,2.94
F2,23/10/17,Ajaccio,AjaccioGFCO,2,0,H,1,0,H,2.14,3.2,3.5,2.1,3.2,3.4,2.15,3.05,3.3,2.15,3,3.3,2.18,3.4,3.72,2.15,3.1,3.3,2.25,3.1,3.5,33,2.25,2.17,3.4,3.12,3.72,3.35,30,2.3,2.21,1.71,1.63,15,-0.5,2.28,2.2,1.73,1.68,2.42,3.21,3.33
F2,27/10/17,AjaccioGFCO,ParisFC,0,0,D,0,0,D,2.45,2.89,3.29,2.25,2.95,3.4,2.4,2.7,3.2,2.4,2.8,3.2,2.58,2.97,3.32,2.38,2.8,3.2,2.5,2.8,3.4,33,2.58,2.43,2.97,2.82,3.48,3.26,28,3.2,2.86,1.44,1.38,18,-0.25,2.14,2.09,1.84,1.78,2.45,2.99,3.53
F2,27/10/17,BourgPeronnas,Auxerre,1,1,D,0,0,D,3.25,3,2.37,3.1,3.1,2.3,2.95,3.1,2.3,3,3.2,2.25,3.3,3.35,2.36,3,3.1,2.3,3.13,3.2,2.38,33,3.31,3.09,3.35,3.16,2.41,2.31,32,2.1,2.02,1.86,1.76,17,0.25,1.9,1.84,2.05,2.01,3.09,3.36,2.48
F2,27/10/17,Brest,Orleans,0,1,A,0,1,A,1.8,3.5,4.5,1.83,3.5,4.1,1.8,3.4,4.1,1.8,3.4,4.2,1.85,3.61,4.81,1.83,3.4,4,1.8,3.5,4.75,33,1.87,1.82,3.61,3.45,4.81,4.29,33,2,1.93,1.95,1.84,18,-0.5,1.87,1.83,2.08,2.03,1.81,3.57,5.18
F2,27/10/17,Quevilly,LeHavre,0,2,A,0,1,A,3.39,3.29,2.14,3.4,3.25,2.1,3.3,3.2,2.1,3.25,3.2,2.1,3.63,3.42,2.19,3.3,3.1,2.15,3.5,3.25,2.15,33,3.65,3.37,3.42,3.25,2.21,2.13,32,2.05,1.97,1.89,1.8,17,0.25,2.04,1.98,1.9,1.86,3.34,3.43,2.3
F2,27/10/17,Sochaux,Niort,2,1,H,2,1,H,2.1,3.2,3.6,2.05,3.25,3.5,2,3.3,3.45,2,3.3,3.5,2.1,3.48,3.83,2.1,3.1,3.4,2.05,3.3,3.8,33,2.12,2.05,3.48,3.28,3.83,3.54,33,2,1.94,1.96,1.84,18,-0.25,1.83,1.78,2.14,2.07,1.98,3.54,4.19
F2,28/10/17,Clermont,Ajaccio,1,1,D,1,0,H,2.1,3.1,3.79,2.1,3.2,3.4,2,3.2,3.45,2.05,3.2,3.5,2.12,3.39,3.86,2.05,3.25,3.4,2.1,3.25,3.7,32,2.13,2.07,3.39,3.23,3.86,3.51,31,2.16,2.05,1.79,1.73,16,-0.25,1.83,1.8,2.11,2.04,2.2,3.38,3.63
F2,28/10/17,Lorient,Tours,2,0,H,0,0,D,1.44,4.2,7.5,1.45,4.2,6.5,1.45,4.15,6,1.44,4.2,6.5,1.46,4.79,7.64,1.44,4.2,6.5,1.44,4.33,7.5,32,1.48,1.44,4.79,4.23,7.64,6.75,31,1.78,1.72,2.15,2.06,16,-1.25,2.15,2.07,1.82,1.78,1.5,4.42,7.47
F2,28/10/17,Reims,Nancy,3,0,H,2,0,H,1.8,3.2,5,1.78,3.4,4.5,1.75,3.3,4.55,1.83,3.2,4.33,1.85,3.43,5.14,1.83,3.25,4.2,1.83,3.3,4.8,32,1.87,1.82,3.45,3.29,5.14,4.47,30,2.37,2.23,1.7,1.62,15,-0.75,2.16,2.1,1.82,1.76,2.08,3.22,4.27
F2,28/10/17,Valenciennes,Nimes,1,2,A,1,1,D,3.39,3.39,2.1,3.4,3.2,2.1,3.2,3.35,2.05,3.3,3.3,2.05,3.61,3.6,2.13,3,3.4,2.15,3.5,3.4,2.1,32,3.61,3.31,3.6,3.36,2.2,2.09,32,1.9,1.79,2.1,1.98,16,0.25,2.11,2.02,1.9,1.82,4.61,3.67,1.86
F2,30/10/17,Chateauroux,Lens,0,0,D,0,0,D,3.29,3.2,2.25,3.1,3.25,2.2,2.95,3.15,2.25,3,3.2,2.3,3.13,3.44,2.41,3,3.2,2.25,3.2,3.2,2.3,32,3.29,3.04,3.44,3.2,2.41,2.29,32,2.09,2.01,1.85,1.76,15,0.25,1.89,1.84,2.06,2,3.66,3.57,2.12
F2,03/11/17,Ajaccio,Chateauroux,1,2,A,0,1,A,1.6,3.79,5.5,1.67,3.4,5.25,1.6,3.7,5.25,1.61,3.6,5.25,1.68,3.87,5.91,1.65,3.5,5,1.62,3.7,6,35,1.69,1.64,3.87,3.65,6,5.21,33,2.09,1.99,1.88,1.79,17,-0.75,1.89,1.84,2.06,2,1.76,3.68,5.42
F2,03/11/17,Auxerre,AjaccioGFCO,0,1,A,0,1,A,2.14,3,3.75,2.05,2.95,4,2.2,2.95,3.55,2.2,2.9,3.4,2.23,3.05,4.02,2.15,3,3.4,2.2,2.9,3.9,35,2.28,2.18,3.1,2.96,4.02,3.59,29,2.71,2.54,1.53,1.48,18,-0.25,1.91,1.86,2.05,1.99,2.34,2.99,3.79
F2,03/11/17,Nimes,Quevilly,4,1,H,2,0,H,1.39,4.5,8,1.4,4.5,6.75,1.45,4,7,1.4,4.5,7.5,1.4,5.05,8.69,1.44,4.33,6,1.4,4.8,8,35,1.45,1.39,5.05,4.59,8.69,7.31,29,1.65,1.57,2.44,2.32,17,-1.25,1.92,1.86,2.03,1.97,1.41,5.25,8.11
F2,03/11/17,Niort,Clermont,1,1,D,0,0,D,2.62,3.2,2.7,2.6,3.2,2.6,2.5,3.25,2.7,2.5,3.2,2.7,2.63,3.34,2.89,2.5,3.25,2.6,2.6,3.2,2.8,35,2.64,2.53,3.34,3.19,2.89,2.72,34,2,1.94,1.93,1.84,18,0,1.88,1.85,2.05,2,2.46,3.36,3.12
F2,03/11/17,Orleans,Sochaux,3,3,D,2,2,D,2.62,3,2.87,2.45,3.2,2.8,2.6,3.05,2.75,2.55,3,2.75,2.71,3.18,2.92,2.6,3,2.7,2.63,3.1,2.88,35,2.71,2.59,3.2,3.06,2.98,2.77,32,2.28,2.16,1.75,1.66,18,0,1.9,1.85,2.04,1.99,2.7,3.22,2.9
F2,03/11/17,ParisFC,Lorient,1,1,D,1,0,H,3.6,3.1,2.14,3.4,3.1,2.15,3.4,3.1,2.15,3.25,3,2.2,3.67,3.2,2.28,3.3,3.1,2.15,3.5,3.1,2.25,35,3.67,3.38,3.2,3.09,2.28,2.19,29,2.5,2.24,1.68,1.61,17,0.25,1.98,1.92,1.97,1.91,3.65,3.21,2.28
F2,03/11/17,Tours,BourgPeronnas,3,2,H,2,2,D,2,3.39,3.75,2,3.4,3.5,1.95,3.45,3.55,2,3.4,3.5,2.08,3.42,3.96,2,3.2,3.6,2,3.4,3.8,35,2.1,2,3.5,3.33,4,3.64,34,1.91,1.84,2.05,1.93,18,-0.5,2.08,2,1.89,1.84,2.04,3.46,4.08
F2,03/11/17,Valenciennes,Brest,0,0,D,0,0,D,3,3.2,2.39,2.95,3.25,2.3,2.85,3.2,2.4,2.87,3.2,2.37,3.13,3.28,2.49,2.8,3.2,2.38,3,3.2,2.45,35,3.2,2.95,3.28,3.17,2.52,2.38,34,2.08,2,1.87,1.78,17,0.25,1.82,1.77,2.16,2.1,3.37,3.29,2.36
F2,04/11/17,Nancy,Lens,1,1,D,1,0,H,2.37,3.1,3.2,2.25,3.1,3.2,2.3,3.1,3.1,2.35,3,3,2.46,3.21,3.26,2.25,3,3.2,2.38,3,3.3,34,2.46,2.34,3.25,3.06,3.3,3.1,30,2.31,2.22,1.66,1.62,16,-0.25,2.09,2.03,1.86,1.81,2.82,3.24,2.77
F2,06/11/17,LeHavre,Reims,0,0,D,0,0,D,2.6,3.1,2.79,2.65,2.95,2.75,2.6,3.15,2.65,2.6,3.1,2.65,2.8,3.18,2.83,2.6,3.1,2.62,2.7,3.13,2.75,34,2.8,2.61,3.25,3.09,2.83,2.69,31,2.14,2.04,1.79,1.73,16,0,1.95,1.89,1.99,1.94,2.65,3.32,2.89
F2,17/11/17,AjaccioGFCO,LeHavre,1,1,D,1,0,H,2.79,3,2.7,2.65,2.95,2.75,2.75,3,2.6,2.75,2.9,2.6,3.03,3.08,2.7,2.6,3,2.7,2.88,3,2.7,34,3.03,2.78,3.1,2.97,2.9,2.65,29,2.45,2.33,1.62,1.56,18,0,2.07,2,1.9,1.85,3.06,3.1,2.66
F2,17/11/17,BourgPeronnas,Valenciennes,1,3,A,1,1,D,2.35,3.25,3,2.4,3,3,2.3,3.3,2.9,2.25,3.3,2.87,2.38,3.47,3.17,2.3,3.1,2.88,2.38,3.3,3,34,2.41,2.32,3.47,3.23,3.17,2.97,34,1.85,1.77,2.13,2.01,18,-0.25,2.08,2.03,1.88,1.82,2.29,3.41,3.38
F2,17/11/17,Chateauroux,Tours,1,0,H,0,0,D,2.2,3.25,3.29,2.2,3,3.4,2.2,3.3,3.1,2.2,3.2,3.1,2.29,3.31,3.49,2.2,3.2,3.1,2.25,3.2,3.4,34,2.29,2.22,3.32,3.19,3.49,3.23,34,2.1,1.99,1.86,1.79,18,-0.25,1.99,1.93,1.96,1.91,2.4,3.25,3.33
F2,17/11/17,Clermont,Auxerre,1,0,H,0,0,D,1.9,3.2,4.33,1.95,3.2,4,1.9,3.25,4,1.95,3.1,3.9,2,3.37,4.38,2,3.2,3.6,1.95,3.2,4.4,34,2.02,1.96,3.37,3.17,4.4,4,29,2.28,2.2,1.7,1.63,18,-0.5,2.01,1.96,1.94,1.89,2.04,3.36,4.23
F2,17/11/17,Nancy,Ajaccio,2,2,D,2,0,H,2.14,3.1,3.7,2.1,3,3.7,2.15,3,3.5,2.2,3,3.4,2.3,3.11,3.73,2.15,3.1,3.3,2.25,3,3.6,34,2.31,2.2,3.11,3.02,3.73,3.46,29,2.56,2.42,1.58,1.53,18,-0.25,1.95,1.91,1.98,1.93,2.3,3.11,3.73
F2,17/11/17,Quevilly,Orleans,1,0,H,1,0,H,2.39,3.39,2.79,2.5,3,2.9,2.45,3.25,2.75,2.4,3.25,2.7,2.53,3.52,2.89,2.38,3.2,2.8,2.5,3.3,2.88,33,2.57,2.45,3.52,3.24,2.9,2.79,33,1.95,1.84,2.05,1.93,17,0,1.86,1.81,2.09,2.04,2.28,3.55,3.28
F2,17/11/17,Reims,ParisFC,1,1,D,0,0,D,1.72,3.39,5.25,1.75,3.25,5,1.75,3.4,4.75,1.73,3.3,5,1.75,3.57,5.75,1.7,3.4,4.8,1.73,3.4,5.5,34,1.78,1.72,3.57,3.37,5.75,5.07,30,2.33,2.23,1.68,1.62,17,-0.75,2.04,1.97,1.92,1.87,1.74,3.55,5.97
F2,17/11/17,Sochaux,Nimes,2,1,H,1,1,D,2.62,3.29,2.6,2.7,3.25,2.5,2.65,3.25,2.55,2.6,3.2,2.55,2.76,3.48,2.66,2.62,3.25,2.5,2.75,3.2,2.63,34,2.78,2.67,3.48,3.23,2.7,2.57,34,1.97,1.87,2,1.9,18,0,2.03,1.96,1.93,1.88,2.54,3.47,2.92
F2,18/11/17,Lorient,Brest,4,2,H,1,1,D,1.75,3.5,4.75,1.75,3.4,4.6,1.75,3.6,4.5,1.75,3.5,4.4,1.79,3.57,5.33,1.8,3.5,4,1.8,3.5,4.75,34,1.81,1.76,3.6,3.45,5.33,4.57,34,1.97,1.89,1.96,1.87,17,-0.75,2.08,2.04,1.88,1.81,1.85,3.8,4.55
F2,20/11/17,Lens,Niort,3,1,H,1,0,H,1.7,3.5,5.25,1.67,3.4,5.25,1.7,3.7,4.4,1.7,3.6,4.5,1.75,3.67,5.56,1.75,3.5,4.33,1.73,3.6,5,33,1.75,1.71,3.7,3.55,5.56,4.74,33,1.87,1.79,2.06,1.97,16,-0.75,2,1.95,1.95,1.89,1.64,4.1,5.85
F2,24/11/17,Ajaccio,Reims,0,1,A,0,0,D,2.7,3.2,2.6,2.75,3,2.6,2.7,3.05,2.65,2.7,3,2.6,2.87,3.22,2.73,2.6,3,2.7,2.88,3,2.7,33,2.88,2.71,3.22,3.05,2.73,2.64,28,2.33,2.23,1.68,1.61,17,0,2.03,1.97,1.91,1.88,3.3,3.3,2.39
F2,24/11/17,Auxerre,Nancy,1,1,D,1,0,H,2.5,2.89,3.1,2.4,3,3,2.45,2.9,3.1,2.4,2.87,3.1,2.58,2.97,3.32,2.45,2.9,3,2.5,2.88,3.25,33,2.58,2.45,3.05,2.91,3.32,3.09,28,2.77,2.58,1.5,1.47,17,-0.25,2.14,2.1,1.81,1.77,2.54,2.98,3.38
F2,24/11/17,Brest,Sochaux,1,0,H,1,0,H,1.95,3.5,3.75,2.05,3.25,3.5,2,3.45,3.55,2,3.4,3.4,2.07,3.61,3.78,2,3.4,3.4,2,3.4,3.75,33,2.15,2.01,3.61,3.4,3.78,3.51,33,1.89,1.81,2.07,1.96,17,-0.25,1.82,1.77,2.15,2.09,2.13,3.52,3.69
F2,24/11/17,Nimes,BourgPeronnas,4,0,H,1,0,H,1.33,5,8.5,1.36,4.5,8,1.35,4.85,6.75,1.36,4.75,7.5,1.37,5.34,9.07,1.4,4.5,6.5,1.36,5,8.5,33,1.41,1.36,5.34,4.81,9.07,7.69,29,1.58,1.51,2.61,2.47,17,-1.25,1.87,1.81,2.11,2.04,1.35,5.68,9.43
F2,24/11/17,Niort,Chateauroux,2,1,H,2,0,H,1.95,3.29,4,2.1,3.25,3.4,1.95,3.4,3.6,2,3.3,3.5,2.04,3.47,4.05,2.05,3.25,3.4,2,3.3,3.9,33,2.1,2,3.47,3.31,4.05,3.63,33,2,1.92,1.95,1.84,17,-0.25,1.8,1.75,2.19,2.12,2.02,3.52,4.08
F2,24/11/17,Orleans,Clermont,1,2,A,0,1,A,2.89,3.1,2.5,2.8,3,2.55,2.75,3.2,2.5,2.75,3.1,2.45,2.91,3.32,2.63,2.5,3.25,2.62,2.88,3.13,2.6,33,2.91,2.75,3.32,3.15,2.65,2.53,33,2.08,2,1.85,1.78,17,0,2.07,2.01,1.91,1.84,3.05,3.28,2.55
F2,24/11/17,ParisFC,Quevilly,2,0,H,2,0,H,1.72,3.5,5,1.8,3.3,4.5,1.75,3.4,4.7,1.75,3.3,4.8,1.75,3.59,5.68,1.75,3.4,4.5,1.7,3.5,5.4,33,1.81,1.74,3.59,3.4,5.68,4.84,31,2.28,2.16,1.72,1.66,17,-0.75,2.05,1.99,1.92,1.86,1.88,3.41,4.95
F2,24/11/17,Tours,AjaccioGFCO,1,2,A,0,1,A,2.14,3.1,3.6,2.3,3,3.2,2.2,3.1,3.25,2.2,3,3.25,2.28,3.22,3.62,2.25,3,3.2,2.2,3.1,3.6,32,2.35,2.22,3.22,3.06,3.62,3.32,28,2.37,2.24,1.65,1.61,16,-0.25,1.98,1.92,1.99,1.93,2.22,3.24,3.75
F2,24/11/17,Valenciennes,Lorient,4,2,H,2,0,H,3.75,3.6,1.9,4.2,3.5,1.8,3.85,3.45,1.9,3.8,3.4,1.91,4.31,3.56,1.95,3.75,3.3,1.91,4.1,3.4,1.93,33,4.5,3.95,3.6,3.41,1.98,1.89,33,1.97,1.89,1.96,1.87,17,0.5,2,1.93,1.97,1.92,4.19,3.44,2.02
F2,25/11/17,LeHavre,Lens,1,0,H,0,0,D,2.25,3.2,3.29,2.2,3.1,3.25,2.3,3.1,3.1,2.3,3.1,3,2.44,3.3,3.2,2.3,3.1,3,2.38,3.13,3.2,34,2.44,2.3,3.3,3.13,3.29,3.08,30,2.2,2.1,1.79,1.7,16,-0.25,2.09,2.03,1.86,1.83,2.4,3.34,3.23
F2,27/11/17,Reims,Auxerre,2,0,H,1,0,H,1.57,3.79,6,1.65,3.5,5.25,1.7,3.6,4.8,1.6,3.6,5.5,1.62,3.94,6.51,1.67,3.5,5.5,1.57,3.75,6.5,34,1.7,1.61,3.94,3.68,6.51,5.55,3,2.07,2,1.87,1.78,17,-0.75,1.83,1.78,2.14,2.08,1.6,4.05,6.57
F2,28/11/17,AjaccioGFCO,Niort,0,2,A,0,1,A,2,3.29,3.75,1.95,3.25,3.9,2,3.25,3.65,2.05,3.2,3.5,2.08,3.29,4.18,2,3.2,3.6,2.1,3.2,3.75,33,2.1,2.03,3.3,3.21,4.18,3.66,31,2.16,2.06,1.78,1.72,16,-0.25,1.83,1.78,2.14,2.07,2.14,3.37,3.81
F2,28/11/17,BourgPeronnas,Orleans,4,0,H,2,0,H,2.35,3.2,3.1,2.2,3.25,3.1,2.35,3.3,2.85,2.3,3.3,2.8,2.49,3.3,3.12,2.4,3.3,2.7,2.38,3.3,3,33,2.49,2.34,3.35,3.24,3.12,2.92,32,1.88,1.81,2.07,1.95,17,-0.25,2.13,2.07,1.84,1.79,2.4,3.49,3.1
F2,28/11/17,Chateauroux,ParisFC,0,0,D,0,0,D,2.87,2.87,2.75,2.7,3,2.65,2.8,2.95,2.6,2.75,2.9,2.6,2.97,3.07,2.76,2.7,2.9,2.7,2.88,3,2.7,33,2.97,2.77,3.07,2.95,2.8,2.65,28,2.51,2.37,1.59,1.54,17,0,2.04,1.98,1.91,1.87,2.95,3.08,2.77
F2,28/11/17,Clermont,Brest,1,2,A,1,0,H,2.1,3.1,3.79,2.05,3.2,3.6,2.1,3.3,3.3,2.15,3.2,3.25,2.19,3.36,3.69,2.05,3.25,3.4,2.15,3.3,3.5,33,2.19,2.1,3.36,3.24,3.79,3.43,32,2.1,1.98,1.91,1.8,17,-0.5,2.2,2.14,1.83,1.74,2.33,3.49,3.22
F2,28/11/17,Lens,Ajaccio,2,0,H,2,0,H,1.75,3.6,4.75,1.87,3.1,4.4,1.8,3.35,4.4,1.83,3.25,4.25,1.88,3.42,4.96,1.85,3.3,4,1.8,3.4,4.8,33,1.95,1.83,3.6,3.31,4.96,4.33,29,2.17,2.11,1.77,1.69,17,-0.5,1.95,1.84,2.07,2.02,1.87,3.51,4.89
F2,28/11/17,Lorient,Nimes,1,2,A,0,2,A,1.95,3.39,3.89,2.05,3.25,3.5,2,3.45,3.4,2,3.4,3.4,2.11,3.51,3.75,2.05,3.4,3.25,2.05,3.4,3.7,33,2.11,2.03,3.51,3.35,3.89,3.49,32,1.86,1.8,2.09,1.98,17,-0.5,2.13,2.05,1.84,1.8,2.15,3.63,3.53
F2,28/11/17,Nancy,LeHavre,0,3,A,0,2,A,2.29,3,3.39,2.3,2.95,3.25,2.2,3,3.35,2.2,3,3.3,2.32,3.1,3.68,2.3,3,3.1,2.3,3,3.5,33,2.35,2.25,3.1,3,3.68,3.31,28,2.5,2.37,1.62,1.55,17,-0.25,2,1.94,1.96,1.91,2.34,3.14,3.57
F2,28/11/17,Quevilly,Tours,4,0,H,1,0,H,2.6,3,2.87,2.5,3.1,2.8,2.35,3.2,2.9,,,,2.52,3.24,3.13,2.3,3.1,3,2.45,3.13,3.1,32,2.6,2.41,3.25,3.13,3.13,2.91,30,2.1,2.03,1.85,1.75,16,0,1.76,1.72,2.21,2.16,2.59,3.39,2.91
F2,28/11/17,Sochaux,Valenciennes,3,1,H,1,1,D,1.85,3.39,4.33,1.9,3.4,3.9,1.85,3.55,3.8,,,,1.96,3.58,4.23,1.91,3.5,3.6,1.91,3.5,4.1,32,1.96,1.89,3.58,3.46,4.33,3.86,31,1.9,1.74,2.16,2.05,16,-0.5,1.96,1.92,1.98,1.93,1.79,3.85,4.81
F2,08/12/17,Auxerre,Chateauroux,1,2,A,1,0,H,2,3.2,4,1.95,3.2,4,1.95,3.2,3.95,1.95,3.1,3.9,2,3.34,4.44,1.91,3.3,3.8,2,3.2,4.2,37,2.02,1.95,3.35,3.2,4.44,4.02,26,2.37,2.22,1.7,1.63,20,-0.5,2.02,1.95,1.92,1.87,2.01,3.11,4.86
F2,08/12/17,Brest,BourgPeronnas,3,0,H,1,0,H,1.5,4,7,1.5,4.1,6,1.5,4.25,5.5,1.5,4.2,5.8,1.53,4.62,6.37,1.5,4.2,5.5,1.5,4.3,6.5,37,1.54,1.5,4.62,4.22,7,5.86,29,1.7,1.62,2.37,2.24,22,-1,1.91,1.83,2.07,1.99,1.52,4.62,6.58
F2,08/12/17,Lorient,Sochaux,2,1,H,0,0,D,1.66,4,4.75,1.62,3.75,5,1.7,3.85,4.45,1.66,3.7,4.6,1.73,4.06,4.98,1.62,3.8,4.75,1.7,3.75,5,37,1.73,1.68,4.06,3.79,5.12,4.69,30,1.76,1.69,2.21,2.12,21,-0.75,1.96,1.89,2,1.93,1.81,4,4.5
F2,08/12/17,Niort,Reims,1,2,A,1,0,H,3.79,3.1,2.1,3.4,3.2,2.1,3.45,3.2,2.1,3.5,3.2,2.05,3.91,3.23,2.17,3.3,3.1,2.15,3.75,3.2,2.1,37,3.91,3.52,3.27,3.15,2.17,2.11,30,2.21,2.11,1.78,1.7,21,0.25,2.09,2.02,1.85,1.8,3.54,3.32,2.27
F2,08/12/17,ParisFC,Lens,2,2,D,1,1,D,3,2.87,2.6,2.85,2.9,2.6,2.8,2.95,2.65,2.7,2.9,2.7,2.96,2.98,2.85,2.75,2.9,2.62,2.88,2.9,2.75,37,3,2.8,3.03,2.92,2.85,2.66,31,2.63,2.47,1.57,1.51,19,0,2,1.96,1.96,1.89,2.84,3.02,2.93
F2,08/12/17,Tours,Nancy,1,2,A,1,2,A,3,3.1,2.45,3.2,3.2,2.2,2.95,3.1,2.4,2.9,3.1,2.37,3.14,3.33,2.46,2.88,3,2.45,3.1,3.1,2.45,36,3.2,3,3.33,3.11,2.48,2.38,31,2.21,2.14,1.75,1.68,19,0.25,1.86,1.77,2.14,2.07,2.88,3.28,2.68
F2,08/12/17,Valenciennes,Quevilly,1,1,D,1,0,H,2.04,3.39,3.5,2.05,3.4,3.4,2.05,3.4,3.35,2.05,3.3,3.3,2.12,3.64,3.57,2.05,3.4,3.25,2.1,3.4,3.5,37,2.13,2.07,3.64,3.38,3.66,3.38,31,1.88,1.8,2.04,1.97,22,-0.25,1.86,1.81,2.11,2.02,2.36,3.48,3.19
F2,09/12/17,Ajaccio,LeHavre,1,0,H,1,0,H,2.89,3,2.6,2.7,2.95,2.7,2.75,2.95,2.65,2.7,3,2.65,2.84,3.12,2.83,2.9,2.9,2.5,2.8,3,2.75,32,2.9,2.75,3.12,2.98,2.84,2.64,26,2.55,2.38,1.6,1.54,14,0,1.98,1.94,1.96,1.91,2.42,3.26,3.28
F2,11/12/17,Nimes,Clermont,3,1,H,2,1,H,1.85,3.29,4.5,1.83,3.4,4.2,1.8,3.55,4.15,1.8,3.5,4.2,1.86,3.78,4.46,1.8,3.5,4,1.83,3.5,4.5,34,1.86,1.81,3.78,3.48,4.5,4.18,30,1.9,1.83,2.04,1.93,19,-0.5,1.87,1.81,2.11,2.02,1.65,3.92,6.12
F2,12/12/17,Orleans,AjaccioGFCO,2,0,H,2,0,H,2.45,3,3.1,2.6,2.95,2.8,2.5,3.05,2.85,2.5,3,2.8,2.62,3.23,3.01,2.5,3,2.8,2.6,3,3,36,2.62,2.5,3.23,3.06,3.1,2.88,27,2.33,2.22,1.71,1.63,20,-0.25,2.23,2.16,1.75,1.71,2.73,3.21,2.88
F2,15/12/17,Ajaccio,Auxerre,3,1,H,1,0,H,1.8,3.39,4.75,1.83,3.2,4.6,1.8,3.25,4.55,1.8,3.2,4.5,1.87,3.4,5.12,1.8,3.2,4.5,1.8,3.25,5.2,34,1.9,1.82,3.4,3.24,5.21,4.63,29,2.39,2.28,1.65,1.59,19,-0.5,1.9,1.82,2.08,2.02,1.96,3.33,4.67
F2,15/12/17,BourgPeronnas,Lorient,2,2,D,2,1,H,4.5,3.79,1.72,4.33,3.7,1.72,4.2,3.8,1.75,4.2,3.7,1.73,4.47,4.17,1.78,4,3.75,1.75,4.5,3.8,1.75,34,4.5,4.21,4.17,3.77,1.78,1.75,29,1.7,1.61,2.39,2.23,19,0.75,1.98,1.89,2.04,1.94,4.79,4.27,1.72
F2,15/12/17,Chateauroux,Orleans,0,0,D,0,0,D,2.14,3.25,3.39,2.05,3.2,3.6,2.1,3.2,3.4,2.1,3.2,3.4,2.17,3.4,3.7,2.1,3.1,3.4,2.1,3.25,3.7,34,2.17,2.11,3.4,3.19,3.78,3.47,32,2.15,2.06,1.82,1.73,19,-0.25,1.86,1.82,2.07,2.02,2.28,3.34,3.48
F2,15/12/17,Clermont,Sochaux,0,2,A,0,0,D,1.95,3.29,4,1.9,3.3,4,1.95,3.4,3.75,1.91,3.3,3.75,1.99,3.62,4.05,1.91,3.3,3.75,1.93,3.4,4.1,34,2.15,1.96,3.62,3.34,4.1,3.77,33,2.01,1.94,1.94,1.83,19,-0.25,1.85,1.71,2.26,2.17,2.01,3.59,4.02
F2,15/12/17,LeHavre,Niort,2,1,H,1,1,D,1.66,3.6,5.25,1.67,3.5,5,1.7,3.65,4.75,1.7,3.6,4.75,1.74,3.86,5.25,1.7,3.6,4.5,1.67,3.6,5.5,34,1.75,1.7,3.86,3.59,5.5,4.81,33,2,1.89,1.98,1.89,19,-0.75,1.96,1.91,1.99,1.92,1.78,3.85,4.96
F2,15/12/17,Nancy,ParisFC,0,1,A,0,0,D,2.14,3,3.79,2.1,3,3.7,2.15,3,3.5,2.15,3,3.4,2.24,3.11,3.9,2.15,3,3.4,2.2,3,3.75,34,2.27,2.18,3.11,2.99,3.9,3.53,29,2.6,2.44,1.57,1.52,20,-0.25,1.92,1.87,2.04,1.97,2.31,3.03,3.82
F2,15/12/17,Quevilly,Brest,1,4,A,0,1,A,3.2,3.39,2.2,3,3.3,2.25,3,3.4,2.2,3,3.3,2.2,3.34,3.5,2.27,3,3.3,2.2,3.25,3.4,2.25,34,3.34,3.08,3.5,3.32,2.31,2.23,33,1.9,1.8,2.06,1.98,19,0.25,1.96,1.9,2,1.93,3.15,3.47,2.39
F2,16/12/17,Reims,Valenciennes,5,1,H,3,1,H,1.5,3.75,7.5,1.53,3.8,6,1.5,4,6,1.5,3.9,6.5,1.53,4.23,7.35,1.53,3.75,6,1.5,4,7,34,1.53,1.5,4.23,3.9,7.5,6.31,32,1.95,1.87,1.98,1.89,18,-1,1.93,1.87,2.02,1.95,1.5,4.36,7.83
F2,18/12/17,Lens,Tours,2,0,H,2,0,H,1.57,3.75,6.25,1.6,3.7,5.5,1.6,3.9,5.25,1.6,3.75,5.25,1.6,4.05,6.47,1.6,3.75,5,1.6,3.8,6,31,1.65,1.59,4.05,3.74,6.47,5.4,29,1.88,1.79,2.04,1.97,15,-0.75,1.81,1.77,2.18,2.08,1.42,4.88,8.69
